id,rate,foo
1001,0.097,1001
1003,0.091,1003
1005,0.134,1005
1007,0.121,1007
1009,0.099,1009
1011,0.164,1011
1013,0.167,1013
1015,0.108,1015
1017,0.186,1017
1019,0.118,1019
1021,0.099,1021
1023,0.127,1023
1025,0.17,1025
1027,0.159,1027
1029,0.104,1029
1031,0.085,1031
1033,0.114,1033
1035,0.195,1035
1037,0.14,1037
1039,0.101,1039
1041,0.097,1041
1043,0.096,1043
1045,0.093,1045
1047,0.211,1047
1049,0.143,1049
1051,0.09,1051
1053,0.129,1053
1055,0.107,1055
1057,0.128,1057
1059,0.123,1059
1061,0.1,1061
1063,0.147,1063
1065,0.127,1065
1067,0.099,1067
1069,0.089,1069
1071,0.118,1071
1073,0.107,1073
1075,0.148,1075
1077,0.105,1077
1079,0.136,1079
1081,0.086,1081
1083,0.093,1083
1085,0.185,1085
1087,0.114,1087
1089,0.075,1089
1091,0.148,1091
1093,0.152,1093
1095,0.092,1095
1097,0.111,1097
1099,0.187,1099
1101,0.102,1101
1103,0.104,1103
1105,0.198,1105
1107,0.13,1107
1109,0.087,1109
1111,0.151,1111
1113,0.126,1113
1115,0.107,1115
1117,0.076,1117
1119,0.139,1119
1121,0.136,1121
1123,0.137,1123
1125,0.09,1125
1127,0.119,1127
1129,0.151,1129
1131,0.256,1131
1133,0.175,1133
2013,0.101,2013
2016,0.084,2016
2020,0.07,2020
2050,0.148,2050
2060,0.036,2060
2068,0.034,2068
2070,0.084,2070
2090,0.069,2090
2100,0.062,2100
2110,0.057,2110
2122,0.097,2122
2130,0.061,2130
2150,0.066,2150
2164,0.059,2164
2170,0.088,2170
2180,0.121,2180
2185,0.057,2185
2188,0.132,2188
2201,0.136,2201
2220,0.059,2220
2232,0.073,2232
2240,0.081,2240
2261,0.064,2261
2270,0.204,2270
2280,0.098,2280
2282,0.063,2282
2290,0.136,2290
4001,0.148,4001
4003,0.074,4003
4005,0.077,4005
4007,0.109,4007
4009,0.144,4009
4011,0.215,4011
4012,0.089,4012
4013,0.085,4013
4015,0.102,4015
4017,0.142,4017
4019,0.084,4019
4021,0.118,4021
4023,0.172,4023
4025,0.095,4025
4027,0.242,4027
5001,0.143,5001
5003,0.091,5003
5005,0.082,5005
5007,0.053,5007
5009,0.064,5009
5011,0.078,5011
5013,0.062,5013
5015,0.043,5015
5017,0.096,5017
5019,0.063,5019
5021,0.104,5021
5023,0.059,5023
5025,0.06,5025
5027,0.081,5027
5029,0.065,5029
5031,0.059,5031
5033,0.066,5033
5035,0.099,5035
5037,0.071,5037
5039,0.076,5039
5041,0.099,5041
5043,0.091,5043
5045,0.06,5045
5047,0.059,5047
5049,0.061,5049
5051,0.066,5051
5053,0.057,5053
5055,0.082,5055
5057,0.086,5057
5059,0.073,5059
5061,0.072,5061
5063,0.078,5063
5065,0.077,5065
5067,0.092,5067
5069,0.092,5069
5071,0.061,5071
5073,0.086,5073
5075,0.079,5075
5077,0.082,5077
5079,0.082,5079
5081,0.056,5081
5083,0.077,5083
5085,0.052,5085
5087,0.053,5087
5089,0.112,5089
5091,0.045,5091
5093,0.113,5093
5095,0.074,5095
5097,0.058,5097
5099,0.087,5099
5101,0.062,5101
5103,0.071,5103
5105,0.056,5105
5107,0.088,5107
5109,0.063,5109
5111,0.075,5111
5113,0.064,5113
5115,0.062,5115
5117,0.067,5117
5119,0.06,5119
5121,0.073,5121
5123,0.094,5123
5125,0.058,5125
5127,0.063,5127
5129,0.059,5129
5131,0.062,5131
5133,0.051,5133
5135,0.078,5135
5137,0.066,5137
5139,0.095,5139
5141,0.091,5141
5143,0.05,5143
5145,0.067,5145
5147,0.091,5147
5149,0.064,5149
6001,0.113,6001
6003,0.152,6003
6005,0.121,6005
6007,0.122,6007
6009,0.143,6009
6011,0.145,6011
6013,0.112,6013
6015,0.119,6015
6017,0.112,6017
6019,0.141,6019
6021,0.138,6021
6023,0.103,6023
6025,0.301,6025
6027,0.095,6027
6029,0.139,6029
6031,0.139,6031
6033,0.147,6033
6035,0.118,6035
6037,0.127,6037
6039,0.123,6039
6041,0.08,6041
6043,0.088,6043
6045,0.101,6045
6047,0.157,6047
6049,0.111,6049
6051,0.103,6051
6053,0.1,6053
6055,0.087,6055
6057,0.109,6057
6059,0.094,6059
6061,0.113,6061
6063,0.139,6063
6065,0.147,6065
6067,0.122,6067
6069,0.125,6069
6071,0.136,6071
6073,0.102,6073
6075,0.097,6075
6077,0.155,6077
6079,0.09,6079
6081,0.09,6081
6083,0.085,6083
6085,0.118,6085
6087,0.102,6087
6089,0.147,6089
6091,0.137,6091
6093,0.135,6093
6095,0.115,6095
6097,0.099,6097
6099,0.153,6099
6101,0.151,6101
6103,0.137,6103
6105,0.159,6105
6107,0.149,6107
6109,0.127,6109
6111,0.11,6111
6113,0.109,6113
6115,0.178,6115
8001,0.081,8001
8003,0.055,8003
8005,0.069,8005
8007,0.062,8007
8009,0.034,8009
8011,0.05,8011
8013,0.055,8013
8014,0.066,8014
8015,0.051,8015
8017,0.02,8017
8019,0.07,8019
8021,0.051,8021
8023,0.084,8023
8025,0.076,8025
8027,0.052,8027
8029,0.066,8029
8031,0.077,8031
8033,0.132,8033
8035,0.059,8035
8037,0.062,8037
8039,0.06,8039
8041,0.072,8041
8043,0.077,8043
8045,0.058,8045
8047,0.06,8047
8049,0.058,8049
8051,0.044,8051
8053,0.022,8053
8055,0.072,8055
8057,0.033,8057
8059,0.067,8059
8061,0.028,8061
8063,0.029,8063
8065,0.071,8065
8067,0.047,8067
8069,0.056,8069
8071,0.07,8071
8073,0.037,8073
8075,0.046,8075
8077,0.082,8077
8079,0.053,8079
8081,0.056,8081
8083,0.063,8083
8085,0.069,8085
8087,0.049,8087
8089,0.058,8089
8091,0.041,8091
8093,0.061,8093
8095,0.026,8095
8097,0.05,8097
8099,0.05,8099
8101,0.075,8101
8103,0.039,8103
8105,0.048,8105
8107,0.06,8107
8109,0.078,8109
8111,0.053,8111
8113,0.042,8113
8115,0.033,8115
8117,0.058,8117
8119,0.067,8119
8121,0.032,8121
8123,0.075,8123
8125,0.026,8125
9001,0.078,9001
9003,0.088,9003
9005,0.079,9005
9007,0.067,9007
9009,0.089,9009
9011,0.076,9011
9013,0.067,9013
9015,0.09,9015
10001,0.079,10001
10003,0.086,10003
10005,0.073,10005
11001,0.117,11001
12001,0.071,12001
12003,0.114,12003
12005,0.089,12005
12007,0.083,12007
12009,0.111,12009
12011,0.098,12011
12013,0.082,12013
12015,0.127,12015
12017,0.121,12017
12019,0.098,12019
12021,0.131,12021
12023,0.09,12023
12027,0.117,12027
12029,0.123,12029
12031,0.112,12031
12033,0.098,12033
12035,0.162,12035
12037,0.071,12037
12039,0.096,12039
12041,0.1,12041
12043,0.1,12043
12045,0.098,12045
12047,0.113,12047
12049,0.126,12049
12051,0.168,12051
12053,0.138,12053
12055,0.116,12055
12057,0.115,12057
12059,0.072,12059
12061,0.152,12061
12063,0.072,12063
12065,0.085,12065
12067,0.072,12067
12069,0.123,12069
12071,0.139,12071
12073,0.072,12073
12075,0.121,12075
12077,0.053,12077
12079,0.117,12079
12081,0.127,12081
12083,0.133,12083
12085,0.119,12085
12086,0.113,12086
12087,0.07,12087
12089,0.107,12089
12091,0.072,12091
12093,0.133,12093
12095,0.114,12095
12097,0.128,12097
12099,0.117,12099
12101,0.125,12101
12103,0.112,12103
12105,0.127,12105
12107,0.122,12107
12109,0.09,12109
12111,0.153,12111
12113,0.094,12113
12115,0.123,12115
12117,0.106,12117
12119,0.09,12119
12121,0.098,12121
12123,0.104,12123
12125,0.084,12125
12127,0.117,12127
12129,0.072,12129
12131,0.068,12131
12133,0.096,12133
13001,0.097,13001
13003,0.126,13003
13005,0.085,13005
13007,0.091,13007
13009,0.116,13009
13011,0.067,13011
13013,0.111,13013
13015,0.133,13015
13017,0.153,13017
13019,0.124,13019
13021,0.1,13021
13023,0.097,13023
13025,0.116,13025
13027,0.087,13027
13029,0.081,13029
13031,0.09,13031
13033,0.122,13033
13035,0.127,13035
13037,0.111,13037
13039,0.091,13039
13043,0.093,13043
13045,0.108,13045
13047,0.08,13047
13049,0.106,13049
13051,0.085,13051
13053,0.146,13053
13055,0.114,13055
13057,0.095,13057
13059,0.07,13059
13061,0.082,13061
13063,0.123,13063
13065,0.11,13065
13067,0.096,13067
13069,0.168,13069
13071,0.09,13071
13073,0.07,13073
13075,0.119,13075
13077,0.1,13077
13079,0.095,13079
13081,0.121,13081
13083,0.09,13083
13085,0.101,13085
13087,0.127,13087
13089,0.107,13089
13091,0.112,13091
13093,0.101,13093
13095,0.111,13095
13097,0.114,13097
13099,0.105,13099
13101,0.067,13101
13103,0.079,13103
13105,0.122,13105
13107,0.103,13107
13109,0.089,13109
13111,0.1,13111
13113,0.084,13113
13115,0.111,13115
13117,0.086,13117
13119,0.118,13119
13121,0.107,13121
13123,0.098,13123
13125,0.111,13125
13127,0.082,13127
13129,0.131,13129
13131,0.098,13131
13133,0.111,13133
13135,0.094,13135
13137,0.094,13137
13139,0.091,13139
13141,0.177,13141
13143,0.113,13143
13145,0.072,13145
13147,0.138,13147
13149,0.124,13149
13151,0.104,13151
13153,0.073,13153
13155,0.145,13155
13157,0.109,13157
13159,0.127,13159
13161,0.135,13161
13163,0.149,13163
13165,0.196,13165
13167,0.119,13167
13169,0.086,13169
13171,0.153,13171
13173,0.084,13173
13175,0.108,13175
13177,0.079,13177
13179,0.085,13179
13181,0.103,13181
13183,0.059,13183
13185,0.082,13185
13187,0.111,13187
13189,0.121,13189
13191,0.096,13191
13193,0.13,13193
13195,0.083,13195
13197,0.099,13197
13199,0.132,13199
13201,0.087,13201
13205,0.104,13205
13207,0.102,13207
13209,0.085,13209
13211,0.098,13211
13213,0.123,13213
13215,0.092,13215
13217,0.126,13217
13219,0.062,13219
13221,0.082,13221
13223,0.107,13223
13225,0.102,13225
13227,0.108,13227
13229,0.093,13229
13231,0.118,13231
13233,0.108,13233
13235,0.071,13235
13237,0.104,13237
13239,0.118,13239
13241,0.104,13241
13243,0.13,13243
13245,0.103,13245
13247,0.12,13247
13249,0.138,13249
13251,0.137,13251
13253,0.107,13253
13255,0.154,13255
13257,0.107,13257
13259,0.107,13259
13261,0.129,13261
13263,0.098,13263
13265,0.124,13265
13267,0.087,13267
13269,0.13,13269
13271,0.162,13271
13273,0.116,13273
13275,0.093,13275
13277,0.106,13277
13279,0.098,13279
13281,0.078,13281
13283,0.119,13283
13285,0.129,13285
13287,0.13,13287
13289,0.114,13289
13291,0.09,13291
13293,0.133,13293
13295,0.096,13295
13297,0.11,13297
13299,0.107,13299
13301,0.188,13301
13303,0.14,13303
13305,0.117,13305
13307,0.091,13307
13309,0.091,13309
13311,0.095,13311
13313,0.125,13313
13315,0.116,13315
13317,0.117,13317
13319,0.107,13319
13321,0.108,13321
15001,0.108,15001
15003,0.063,15003
15007,0.096,15007
15009,0.097,15009
16001,0.091,16001
16003,0.121,16003
16005,0.084,16005
16007,0.052,16007
16009,0.121,16009
16011,0.059,16011
16013,0.077,16013
16015,0.071,16015
16017,0.095,16017
16019,0.059,16019
16021,0.12,16021
16023,0.045,16023
16025,0.11,16025
16027,0.106,16027
16029,0.06,16029
16031,0.059,16031
16033,0.041,16033
16035,0.118,16035
16037,0.039,16037
16039,0.077,16039
16041,0.04,16041
16043,0.066,16043
16045,0.104,16045
16047,0.055,16047
16049,0.083,16049
16051,0.068,16051
16053,0.059,16053
16055,0.087,16055
16057,0.059,16057
16059,0.065,16059
16061,0.052,16061
16063,0.097,16063
16065,0.055,16065
16067,0.06,16067
16069,0.055,16069
16071,0.05,16071
16073,0.041,16073
16075,0.077,16075
16077,0.067,16077
16079,0.119,16079
16081,0.051,16081
16083,0.068,16083
16085,0.114,16085
16087,0.084,16087
17001,0.079,17001
17003,0.112,17003
17005,0.093,17005
17007,0.138,17007
17009,0.045,17009
17011,0.109,17011
17013,0.095,17013
17015,0.105,17015
17017,0.073,17017
17019,0.082,17019
17021,0.099,17021
17023,0.131,17023
17025,0.114,17025
17027,0.079,17027
17029,0.091,17029
17031,0.106,17031
17033,0.105,17033
17035,0.097,17035
17037,0.092,17037
17039,0.092,17039
17041,0.091,17041
17043,0.086,17043
17045,0.107,17045
17047,0.091,17047
17049,0.079,17049
17051,0.116,17051
17053,0.104,17053
17055,0.146,17055
17057,0.125,17057
17059,0.11,17059
17061,0.092,17061
17063,0.114,17063
17065,0.093,17065
17067,0.113,17067
17069,0.128,17069
17071,0.094,17071
17073,0.086,17073
17075,0.1,17075
17077,0.073,17077
17079,0.095,17079
17081,0.1,17081
17083,0.088,17083
17085,0.081,17085
17087,0.104,17087
17089,0.099,17089
17091,0.128,17091
17093,0.104,17093
17095,0.103,17095
17097,0.1,17097
17099,0.124,17099
17101,0.103,17101
17103,0.109,17103
17105,0.107,17105
17107,0.095,17107
17109,0.077,17109
17111,0.093,17111
17113,0.074,17113
17115,0.124,17115
17117,0.105,17117
17119,0.097,17119
17121,0.119,17121
17123,0.106,17123
17125,0.143,17125
17127,0.08,17127
17129,0.078,17129
17131,0.089,17131
17133,0.078,17133
17135,0.122,17135
17137,0.084,17137
17139,0.09,17139
17141,0.119,17141
17143,0.116,17143
17145,0.119,17145
17147,0.082,17147
17149,0.081,17149
17151,0.106,17151
17153,0.119,17153
17155,0.15,17155
17157,0.094,17157
17159,0.105,17159
17161,0.095,17161
17163,0.108,17163
17165,0.112,17165
17167,0.079,17167
17169,0.066,17169
17171,0.075,17171
17173,0.1,17173
17175,0.098,17175
17177,0.116,17177
17179,0.113,17179
17181,0.108,17181
17183,0.12,17183
17185,0.103,17185
17187,0.08,17187
17189,0.08,17189
17191,0.097,17191
17193,0.086,17193
17195,0.106,17195
17197,0.099,17197
17199,0.096,17199
17201,0.155,17201
17203,0.086,17203
18001,0.134,18001
18003,0.093,18003
18005,0.088,18005
18007,0.09,18007
18009,0.133,18009
18011,0.068,18011
18013,0.078,18013
18015,0.099,18015
18017,0.105,18017
18019,0.082,18019
18021,0.096,18021
18023,0.092,18023
18025,0.105,18025
18027,0.049,18027
18029,0.089,18029
18031,0.11,18031
18033,0.124,18033
18035,0.095,18035
18037,0.08,18037
18039,0.15,18039
18041,0.134,18041
18043,0.074,18043
18045,0.116,18045
18047,0.089,18047
18049,0.112,18049
18051,0.067,18051
18053,0.111,18053
18055,0.071,18055
18057,0.061,18057
18059,0.078,18059
18061,0.078,18061
18063,0.068,18063
18065,0.12,18065
18067,0.119,18067
18069,0.111,18069
18071,0.101,18071
18073,0.087,18073
18075,0.104,18075
18077,0.095,18077
18079,0.122,18079
18081,0.074,18081
18083,0.066,18083
18085,0.11,18085
18087,0.14,18087
18089,0.094,18089
18091,0.107,18091
18093,0.111,18093
18095,0.097,18095
18097,0.084,18097
18099,0.114,18099
18101,0.063,18101
18103,0.123,18103
18105,0.056,18105
18107,0.097,18107
18109,0.075,18109
18111,0.089,18111
18113,0.145,18113
18115,0.105,18115
18117,0.092,18117
18119,0.081,18119
18121,0.083,18121
18123,0.088,18123
18125,0.087,18125
18127,0.082,18127
18129,0.07,18129
18131,0.095,18131
18133,0.082,18133
18135,0.102,18135
18137,0.091,18137
18139,0.095,18139
18141,0.104,18141
18143,0.121,18143
18145,0.088,18145
18147,0.081,18147
18149,0.126,18149
18151,0.129,18151
18153,0.093,18153
18155,0.07,18155
18157,0.085,18157
18159,0.103,18159
18161,0.086,18161
18163,0.074,18163
18165,0.108,18165
18167,0.092,18167
18169,0.12,18169
18171,0.101,18171
18173,0.069,18173
18175,0.112,18175
18177,0.109,18177
18179,0.091,18179
18181,0.094,18181
18183,0.116,18183
19001,0.051,19001
19003,0.06,19003
19005,0.093,19005
19007,0.094,19007
19009,0.051,19009
19011,0.058,19011
19013,0.058,19013
19015,0.059,19015
19017,0.05,19017
19019,0.059,19019
19021,0.055,19021
19023,0.06,19023
19025,0.054,19025
19027,0.042,19027
19029,0.058,19029
19031,0.057,19031
19033,0.067,19033
19035,0.044,19035
19037,0.084,19037
19039,0.074,19039
19041,0.062,19041
19043,0.079,19043
19045,0.077,19045
19047,0.047,19047
19049,0.051,19049
19051,0.101,19051
19053,0.066,19053
19055,0.068,19055
19057,0.082,19057
19059,0.058,19059
19061,0.06,19061
19063,0.086,19063
19065,0.085,19065
19067,0.087,19067
19069,0.07,19069
19071,0.07,19071
19073,0.063,19073
19075,0.049,19075
19077,0.056,19077
19079,0.081,19079
19081,0.09,19081
19083,0.06,19083
19085,0.044,19085
19087,0.088,19087
19089,0.086,19089
19091,0.062,19091
19093,0.058,19093
19095,0.058,19095
19097,0.077,19097
19099,0.081,19099
19101,0.087,19101
19103,0.044,19103
19105,0.063,19105
19107,0.071,19107
19109,0.056,19109
19111,0.114,19111
19113,0.065,19113
19115,0.08,19115
19117,0.06,19117
19119,0.043,19119
19121,0.058,19121
19123,0.077,19123
19125,0.057,19125
19127,0.07,19127
19129,0.043,19129
19131,0.054,19131
19133,0.071,19133
19135,0.075,19135
19137,0.087,19137
19139,0.089,19139
19141,0.053,19141
19143,0.054,19143
19145,0.087,19145
19147,0.07,19147
19149,0.047,19149
19151,0.052,19151
19153,0.062,19153
19155,0.048,19155
19157,0.066,19157
19159,0.053,19159
19161,0.047,19161
19163,0.073,19163
19165,0.039,19165
19167,0.041,19167
19169,0.045,19169
19171,0.066,19171
19173,0.067,19173
19175,0.06,19175
19177,0.08,19177
19179,0.094,19179
19181,0.058,19181
19183,0.049,19183
19185,0.064,19185
19187,0.083,19187
19189,0.091,19189
19191,0.058,19191
19193,0.057,19193
19195,0.063,19195
19197,0.084,19197
20001,0.078,20001
20003,0.079,20003
20005,0.081,20005
20007,0.051,20007
20009,0.061,20009
20011,0.065,20011
20013,0.056,20013
20015,0.072,20015
20017,0.054,20017
20019,0.084,20019
20021,0.085,20021
20023,0.037,20023
20025,0.037,20025
20027,0.042,20027
20029,0.045,20029
20031,0.057,20031
20033,0.038,20033
20035,0.076,20035
20037,0.081,20037
20039,0.033,20039
20041,0.051,20041
20043,0.088,20043
20045,0.054,20045
20047,0.044,20047
20049,0.11,20049
20051,0.036,20051
20053,0.041,20053
20055,0.043,20055
20057,0.038,20057
20059,0.071,20059
20061,0.069,20061
20063,0.035,20063
20065,0.043,20065
20067,0.042,20067
20069,0.034,20069
20071,0.045,20071
20073,0.072,20073
20075,0.042,20075
20077,0.056,20077
20079,0.074,20079
20081,0.037,20081
20083,0.042,20083
20085,0.06,20085
20087,0.067,20087
20089,0.049,20089
20091,0.068,20091
20093,0.045,20093
20095,0.063,20095
20097,0.049,20097
20099,0.078,20099
20101,0.034,20101
20103,0.073,20103
20105,0.063,20105
20107,0.084,20107
20109,0.04,20109
20111,0.057,20111
20113,0.051,20113
20115,0.063,20115
20117,0.049,20117
20119,0.042,20119
20121,0.068,20121
20123,0.058,20123
20125,0.094,20125
20127,0.068,20127
20129,0.047,20129
20131,0.043,20131
20133,0.07,20133
20135,0.04,20135
20137,0.047,20137
20139,0.07,20139
20141,0.044,20141
20143,0.065,20143
20145,0.037,20145
20147,0.06,20147
20149,0.041,20149
20151,0.053,20151
20153,0.035,20153
20155,0.063,20155
20157,0.041,20157
20159,0.051,20159
20161,0.032,20161
20163,0.073,20163
20165,0.059,20165
20167,0.046,20167
20169,0.057,20169
20171,0.032,20171
20173,0.088,20173
20175,0.051,20175
20177,0.064,20177
20179,0.032,20179
20181,0.039,20181
20183,0.043,20183
20185,0.061,20185
20187,0.034,20187
20189,0.053,20189
20191,0.09,20191
20193,0.036,20193
20195,0.036,20195
20197,0.066,20197
20199,0.059,20199
20201,0.045,20201
20203,0.035,20203
20205,0.102,20205
20207,0.089,20207
20209,0.104,20209
21001,0.101,21001
21003,0.143,21003
21005,0.109,21005
21007,0.102,21007
21009,0.116,21009
21011,0.133,21011
21013,0.125,21013
21015,0.092,21015
21017,0.091,21017
21019,0.083,21019
21021,0.11,21021
21023,0.102,21023
21025,0.1,21025
21027,0.121,21027
21029,0.108,21029
21031,0.137,21031
21033,0.109,21033
21035,0.08,21035
21037,0.107,21037
21039,0.091,21039
21041,0.124,21041
21043,0.135,21043
21045,0.102,21045
21047,0.129,21047
21049,0.114,21049
21051,0.135,21051
21053,0.09,21053
21055,0.108,21055
21057,0.13,21057
21059,0.091,21059
21061,0.128,21061
21063,0.126,21063
21065,0.129,21065
21067,0.077,21067
21069,0.122,21069
21071,0.124,21071
21073,0.091,21073
21075,0.144,21075
21077,0.111,21077
21079,0.119,21079
21081,0.101,21081
21083,0.103,21083
21085,0.164,21085
21087,0.124,21087
21089,0.098,21089
21091,0.136,21091
21093,0.1,21093
21095,0.125,21095
21097,0.111,21097
21099,0.106,21099
21101,0.098,21101
21103,0.107,21103
21105,0.092,21105
21107,0.091,21107
21109,0.175,21109
21111,0.105,21111
21113,0.088,21113
21115,0.111,21115
21117,0.1,21117
21119,0.12,21119
21121,0.115,21121
21123,0.107,21123
21125,0.101,21125
21127,0.131,21127
21129,0.123,21129
21131,0.137,21131
21133,0.12,21133
21135,0.151,21135
21137,0.121,21137
21139,0.098,21139
21141,0.104,21141
21143,0.122,21143
21145,0.091,21145
21147,0.133,21147
21149,0.106,21149
21151,0.087,21151
21153,0.214,21153
21155,0.129,21155
21157,0.107,21157
21159,0.124,21159
21161,0.111,21161
21163,0.124,21163
21165,0.147,21165
21167,0.108,21167
21169,0.158,21169
21171,0.14,21171
21173,0.126,21173
21175,0.145,21175
21177,0.107,21177
21179,0.115,21179
21181,0.125,21181
21183,0.094,21183
21185,0.086,21185
21187,0.101,21187
21189,0.112,21189
21191,0.117,21191
21193,0.125,21193
21195,0.107,21195
21197,0.167,21197
21199,0.1,21199
21201,0.096,21201
21203,0.128,21203
21205,0.086,21205
21207,0.108,21207
21209,0.091,21209
21211,0.096,21211
21213,0.118,21213
21215,0.102,21215
21217,0.102,21217
21219,0.126,21219
21221,0.16,21221
21223,0.107,21223
21225,0.108,21225
21227,0.092,21227
21229,0.127,21229
21231,0.136,21231
21233,0.088,21233
21235,0.114,21235
21237,0.139,21237
21239,0.083,21239
22001,0.071,22001
22003,0.101,22003
22005,0.067,22005
22007,0.088,22007
22009,0.081,22009
22011,0.08,22011
22013,0.105,22013
22015,0.064,22015
22017,0.079,22017
22019,0.072,22019
22021,0.107,22021
22023,0.056,22023
22025,0.103,22025
22027,0.103,22027
22029,0.113,22029
22031,0.09,22031
22033,0.068,22033
22035,0.142,22035
22037,0.08,22037
22039,0.086,22039
22041,0.113,22041
22043,0.082,22043
22045,0.076,22045
22047,0.104,22047
22049,0.078,22049
22051,0.065,22051
22053,0.064,22053
22055,0.059,22055
22057,0.049,22057
22059,0.073,22059
22061,0.078,22061
22063,0.07,22063
22065,0.093,22065
22067,0.151,22067
22069,0.084,22069
22071,0.107,22071
22073,0.076,22073
22075,0.062,22075
22077,0.079,22077
22079,0.069,22079
22081,0.096,22081
22083,0.107,22083
22085,0.081,22085
22087,0.105,22087
22089,0.065,22089
22091,0.118,22091
22093,0.1,22093
22095,0.084,22095
22097,0.083,22097
22099,0.075,22099
22101,0.086,22101
22103,0.052,22103
22105,0.081,22105
22107,0.135,22107
22109,0.052,22109
22111,0.122,22111
22113,0.072,22113
22115,0.067,22115
22117,0.096,22117
22119,0.091,22119
22121,0.074,22121
22123,0.17,22123
22125,0.082,22125
22127,0.091,22127
23001,0.084,23001
23003,0.093,23003
23005,0.065,23005
23007,0.112,23007
23009,0.068,23009
23011,0.073,23011
23013,0.07,23013
23015,0.063,23015
23017,0.109,23017
23019,0.08,23019
23021,0.116,23021
23023,0.067,23023
23025,0.107,23025
23027,0.078,23027
23029,0.104,23029
23031,0.074,23031
24001,0.075,24001
24003,0.065,24003
24005,0.077,24005
24009,0.059,24009
24011,0.088,24011
24013,0.06,24013
24015,0.086,24015
24017,0.059,24017
24019,0.109,24019
24021,0.059,24021
24023,0.069,24023
24025,0.071,24025
24027,0.054,24027
24029,0.071,24029
24031,0.053,24031
24033,0.073,24033
24035,0.066,24035
24037,0.056,24037
24039,0.095,24039
24041,0.068,24041
24043,0.094,24043
24045,0.077,24045
24047,0.075,24047
24510,0.106,24510
25001,0.08,25001
25003,0.084,25003
25005,0.118,25005
25007,0.05,25007
25009,0.101,25009
25011,0.087,25011
25013,0.105,25013
25015,0.073,25015
25017,0.081,25017
25019,0.05,25019
25021,0.085,25021
25023,0.097,25023
25025,0.093,25025
25027,0.101,25027
26001,0.167,26001
26003,0.12,26003
26005,0.132,26005
26007,0.139,26007
26009,0.147,26009
26011,0.158,26011
26013,0.243,26013
26015,0.105,26015
26017,0.123,26017
26019,0.12,26019
26021,0.135,26021
26023,0.14,26023
26025,0.124,26025
26027,0.114,26027
26029,0.139,26029
26031,0.086,26031
26033,0.116,26033
26035,0.168,26035
26037,0.094,26037
26039,0.137,26039
26041,0.115,26041
26043,0.12,26043
26045,0.103,26045
26047,0.122,26047
26049,0.158,26049
26051,0.165,26051
26053,0.133,26053
26055,0.12,26055
26057,0.137,26057
26059,0.172,26059
26061,0.102,26061
26063,0.148,26063
26065,0.116,26065
26067,0.134,26067
26069,0.164,26069
26071,0.117,26071
26073,0.085,26073
26075,0.149,26075
26077,0.112,26077
26079,0.143,26079
26081,0.117,26081
26083,0.119,26083
26085,0.175,26085
26087,0.181,26087
26089,0.09,26089
26091,0.161,26091
26093,0.136,26093
26095,0.132,26095
26097,0.061,26097
26099,0.181,26099
26101,0.126,26101
26103,0.101,26103
26105,0.129,26105
26107,0.13,26107
26109,0.125,26109
26111,0.102,26111
26113,0.15,26113
26115,0.142,26115
26117,0.176,26117
26119,0.189,26119
26121,0.16,26121
26123,0.138,26123
26125,0.156,26125
26127,0.152,26127
26129,0.127,26129
26131,0.138,26131
26133,0.153,26133
26135,0.191,26135
26137,0.147,26137
26139,0.128,26139
26141,0.16,26141
26143,0.146,26143
26145,0.129,26145
26147,0.19,26147
26149,0.139,26149
26151,0.178,26151
26153,0.127,26153
26155,0.152,26155
26157,0.163,26157
26159,0.132,26159
26161,0.093,26161
26163,0.183,26163
26165,0.183,26165
27001,0.081,27001
27003,0.079,27003
27005,0.064,27005
27007,0.072,27007
27009,0.07,27009
27011,0.045,27011
27013,0.063,27013
27015,0.055,27015
27017,0.073,27017
27019,0.07,27019
27021,0.079,27021
27023,0.061,27023
27025,0.084,27025
27027,0.036,27027
27029,0.091,27029
27031,0.047,27031
27033,0.052,27033
27035,0.074,27035
27037,0.069,27037
27039,0.061,27039
27041,0.056,27041
27043,0.076,27043
27045,0.07,27045
27047,0.076,27047
27049,0.067,27049
27051,0.068,27051
27053,0.073,27053
27055,0.071,27055
27057,0.073,27057
27059,0.083,27059
27061,0.092,27061
27063,0.047,27063
27065,0.103,27065
27067,0.055,27067
27069,0.052,27069
27071,0.073,27071
27073,0.054,27073
27075,0.075,27075
27077,0.069,27077
27079,0.086,27079
27081,0.045,27081
27083,0.049,27083
27085,0.08,27085
27087,0.06,27087
27089,0.062,27089
27091,0.069,27091
27093,0.078,27093
27095,0.105,27095
27097,0.09,27097
27099,0.055,27099
27101,0.039,27101
27103,0.061,27103
27105,0.045,27105
27107,0.051,27107
27109,0.055,27109
27111,0.063,27111
27113,0.056,27113
27115,0.091,27115
27117,0.053,27117
27119,0.044,27119
27121,0.064,27121
27123,0.074,27123
27125,0.067,27125
27127,0.061,27127
27129,0.064,27129
27131,0.075,27131
27133,0.051,27133
27135,0.05,27135
27137,0.082,27137
27139,0.068,27139
27141,0.081,27141
27143,0.065,27143
27145,0.068,27145
27147,0.077,27147
27149,0.043,27149
27151,0.066,27151
27153,0.075,27153
27155,0.062,27155
27157,0.071,27157
27159,0.088,27159
27161,0.07,27161
27163,0.068,27163
27165,0.075,27165
27167,0.047,27167
27169,0.07,27169
27171,0.082,27171
27173,0.051,27173
28001,0.08,28001
28003,0.113,28003
28005,0.086,28005
28007,0.118,28007
28009,0.126,28009
28011,0.09,28011
28013,0.097,28013
28015,0.098,28015
28017,0.132,28017
28019,0.113,28019
28021,0.15,28021
28023,0.1,28023
28025,0.178,28025
28027,0.111,28027
28029,0.099,28029
28031,0.077,28031
28033,0.072,28033
28035,0.077,28035
28037,0.09,28037
28039,0.1,28039
28041,0.099,28041
28043,0.11,28043
28045,0.075,28045
28047,0.072,28047
28049,0.079,28049
28051,0.166,28051
28053,0.102,28053
28055,0.092,28055
28057,0.096,28057
28059,0.08,28059
28061,0.102,28061
28063,0.155,28063
28065,0.106,28065
28067,0.071,28067
28069,0.103,28069
28071,0.069,28071
28073,0.066,28073
28075,0.087,28075
28077,0.102,28077
28079,0.087,28079
28081,0.098,28081
28083,0.116,28083
28085,0.088,28085
28087,0.102,28087
28089,0.063,28089
28091,0.101,28091
28093,0.112,28093
28095,0.137,28095
28097,0.127,28097
28099,0.084,28099
28101,0.079,28101
28103,0.176,28103
28105,0.08,28105
28107,0.119,28107
28109,0.083,28109
28111,0.104,28111
28113,0.098,28113
28115,0.087,28115
28117,0.115,28117
28119,0.111,28119
28121,0.056,28121
28123,0.059,28123
28125,0.09,28125
28127,0.082,28127
28129,0.082,28129
28131,0.072,28131
28133,0.118,28133
28135,0.099,28135
28137,0.103,28137
28139,0.125,28139
28141,0.101,28141
28143,0.13,28143
28145,0.088,28145
28147,0.103,28147
28149,0.091,28149
28151,0.113,28151
28153,0.094,28153
28155,0.135,28155
28157,0.101,28157
28159,0.151,28159
28161,0.129,28161
28163,0.105,28163
29001,0.065,29001
29003,0.076,29003
29005,0.079,29005
29007,0.092,29007
29009,0.081,29009
29011,0.117,29011
29013,0.108,29013
29015,0.093,29015
29017,0.088,29017
29019,0.062,29019
29021,0.087,29021
29023,0.08,29023
29025,0.086,29025
29027,0.08,29027
29029,0.079,29029
29031,0.069,29031
29033,0.098,29033
29035,0.087,29035
29037,0.097,29037
29039,0.086,29039
29041,0.105,29041
29043,0.08,29043
29045,0.113,29045
29047,0.086,29047
29049,0.087,29049
29051,0.067,29051
29053,0.084,29053
29055,0.107,29055
29057,0.101,29057
29059,0.094,29059
29061,0.087,29061
29063,0.093,29063
29065,0.094,29065
29067,0.098,29067
29069,0.111,29069
29071,0.115,29071
29073,0.108,29073
29075,0.068,29075
29077,0.083,29077
29079,0.069,29079
29081,0.078,29081
29083,0.096,29083
29085,0.123,29085
29087,0.071,29087
29089,0.083,29089
29091,0.092,29091
29093,0.087,29093
29095,0.109,29095
29097,0.084,29097
29099,0.106,29099
29101,0.08,29101
29103,0.059,29103
29105,0.11,29105
29107,0.09,29107
29109,0.078,29109
29111,0.083,29111
29113,0.113,29113
29115,0.103,29115
29117,0.078,29117
29119,0.07,29119
29121,0.079,29121
29123,0.098,29123
29125,0.087,29125
29127,0.089,29127
29129,0.079,29129
29131,0.106,29131
29133,0.097,29133
29135,0.078,29135
29137,0.11,29137
29139,0.103,29139
29141,0.113,29141
29143,0.089,29143
29145,0.079,29145
29147,0.059,29147
29149,0.09,29149
29151,0.099,29151
29153,0.076,29153
29155,0.121,29155
29157,0.072,29157
29159,0.081,29159
29161,0.071,29161
29163,0.083,29163
29165,0.08,29165
29167,0.089,29167
29169,0.068,29169
29171,0.074,29171
29173,0.08,29173
29175,0.094,29175
29177,0.083,29177
29179,0.127,29179
29181,0.095,29181
29183,0.087,29183
29185,0.103,29185
29186,0.093,29186
29187,0.109,29187
29189,0.096,29189
29195,0.079,29195
29197,0.078,29197
29199,0.122,29199
29201,0.092,29201
29203,0.096,29203
29205,0.081,29205
29207,0.09,29207
29209,0.09,29209
29211,0.064,29211
29213,0.086,29213
29215,0.088,29215
29217,0.079,29217
29219,0.112,29219
29221,0.137,29221
29223,0.095,29223
29225,0.09,29225
29227,0.084,29227
29229,0.096,29229
29510,0.111,29510
30001,0.044,30001
30003,0.102,30003
30005,0.05,30005
30007,0.062,30007
30009,0.048,30009
30011,0.039,30011
30013,0.052,30013
30015,0.042,30015
30017,0.046,30017
30019,0.042,30019
30021,0.048,30021
30023,0.065,30023
30025,0.037,30025
30027,0.047,30027
30029,0.088,30029
30031,0.055,30031
30033,0.034,30033
30035,0.072,30035
30037,0.047,30037
30039,0.082,30039
30041,0.051,30041
30043,0.058,30043
30045,0.046,30045
30047,0.083,30047
30049,0.043,30049
30051,0.047,30051
30053,0.111,30053
30055,0.032,30055
30057,0.048,30057
30059,0.078,30059
30061,0.086,30061
30063,0.056,30063
30065,0.075,30065
30067,0.061,30067
30069,0.045,30069
30071,0.048,30071
30073,0.06,30073
30075,0.04,30075
30077,0.073,30077
30079,0.031,30079
30081,0.075,30081
30083,0.046,30083
30085,0.075,30085
30087,0.073,30087
30089,0.112,30089
30091,0.043,30091
30093,0.055,30093
30095,0.052,30095
30097,0.031,30097
30099,0.04,30099
30101,0.041,30101
30103,0.051,30103
30105,0.046,30105
30107,0.043,30107
30109,0.041,30109
30111,0.047,30111
31001,0.056,31001
31003,0.036,31003
31005,0.044,31005
31007,0.035,31007
31009,0.052,31009
31011,0.039,31011
31013,0.071,31013
31015,0.036,31015
31017,0.031,31017
31019,0.035,31019
31021,0.057,31021
31023,0.039,31023
31025,0.046,31025
31027,0.032,31027
31029,0.03,31029
31031,0.025,31031
31033,0.041,31033
31035,0.043,31035
31037,0.04,31037
31039,0.035,31039
31041,0.031,31041
31043,0.055,31043
31045,0.044,31045
31047,0.048,31047
31049,0.038,31049
31051,0.037,31051
31053,0.049,31053
31055,0.05,31055
31057,0.04,31057
31059,0.044,31059
31061,0.037,31061
31063,0.03,31063
31065,0.041,31065
31067,0.059,31067
31069,0.044,31069
31071,0.025,31071
31073,0.038,31073
31075,0.031,31075
31077,0.033,31077
31079,0.044,31079
31081,0.034,31081
31083,0.036,31083
31085,0.042,31085
31087,0.066,31087
31089,0.032,31089
31091,0.04,31091
31093,0.038,31093
31095,0.046,31095
31097,0.039,31097
31099,0.038,31099
31101,0.039,31101
31103,0.044,31103
31105,0.043,31105
31107,0.036,31107
31109,0.042,31109
31111,0.04,31111
31113,0.043,31113
31115,0.032,31115
31117,0.04,31117
31119,0.042,31119
31121,0.04,31121
31123,0.041,31123
31125,0.036,31125
31127,0.054,31127
31129,0.047,31129
31131,0.05,31131
31133,0.041,31133
31135,0.031,31135
31137,0.038,31137
31139,0.036,31139
31141,0.044,31141
31143,0.042,31143
31145,0.042,31145
31147,0.057,31147
31149,0.031,31149
31151,0.04,31151
31153,0.047,31153
31155,0.045,31155
31157,0.048,31157
31159,0.037,31159
31161,0.035,31161
31163,0.03,31163
31165,0.038,31165
31167,0.036,31167
31169,0.043,31169
31171,0.038,31171
31173,0.138,31173
31175,0.029,31175
31177,0.041,31177
31179,0.038,31179
31181,0.042,31181
31183,0.032,31183
31185,0.057,31185
32001,0.099,32001
32003,0.139,32003
32005,0.126,32005
32007,0.068,32007
32009,0.083,32009
32011,0.093,32011
32013,0.086,32013
32015,0.072,32015
32017,0.094,32017
32019,0.163,32019
32021,0.105,32021
32023,0.161,32023
32027,0.106,32027
32029,0.148,32029
32031,0.131,32031
32033,0.084,32033
32510,0.128,32510
33001,0.07,33001
33003,0.054,33003
33005,0.065,33005
33007,0.078,33007
33009,0.056,33009
33011,0.075,33011
33013,0.063,33013
33015,0.075,33015
33017,0.066,33017
33019,0.065,33019
34001,0.122,34001
34003,0.084,34003
34005,0.091,34005
34007,0.109,34007
34009,0.085,34009
34011,0.126,34011
34013,0.111,34013
34015,0.1,34015
34017,0.116,34017
34019,0.069,34019
34021,0.081,34021
34023,0.092,34023
34025,0.087,34025
34027,0.076,34027
34029,0.096,34029
34031,0.117,34031
34033,0.101,34033
34035,0.079,34035
34037,0.085,34037
34039,0.098,34039
34041,0.088,34041
35001,0.075,35001
35003,0.081,35003
35005,0.068,35005
35006,0.063,35006
35007,0.08,35007
35009,0.044,35009
35011,0.043,35011
35013,0.069,35013
35015,0.06,35015
35017,0.123,35017
35019,0.075,35019
35021,0.045,35021
35023,0.076,35023
35025,0.083,35025
35027,0.051,35027
35028,0.029,35028
35029,0.134,35029
35031,0.086,35031
35033,0.131,35033
35035,0.068,35035
35037,0.059,35037
35039,0.072,35039
35041,0.044,35041
35043,0.09,35043
35045,0.083,35045
35047,0.078,35047
35049,0.065,35049
35051,0.048,35051
35053,0.05,35053
35055,0.087,35055
35057,0.088,35057
35059,0.055,35059
35061,0.085,35061
36001,0.071,36001
36003,0.079,36003
36005,0.133,36005
36007,0.085,36007
36009,0.085,36009
36011,0.08,36011
36013,0.078,36013
36015,0.089,36015
36017,0.087,36017
36019,0.09,36019
36021,0.077,36021
36023,0.085,36023
36025,0.084,36025
36027,0.082,36027
36029,0.083,36029
36031,0.078,36031
36033,0.078,36033
36035,0.091,36035
36037,0.072,36037
36039,0.084,36039
36041,0.056,36041
36043,0.076,36043
36045,0.078,36045
36047,0.11,36047
36049,0.076,36049
36051,0.075,36051
36053,0.074,36053
36055,0.083,36055
36057,0.088,36057
36059,0.072,36059
36061,0.092,36061
36063,0.088,36063
36065,0.073,36065
36067,0.079,36067
36069,0.067,36069
36071,0.082,36071
36073,0.082,36073
36075,0.093,36075
36077,0.068,36077
36079,0.07,36079
36081,0.091,36081
36083,0.077,36083
36085,0.089,36085
36087,0.074,36087
36089,0.089,36089
36091,0.064,36091
36093,0.078,36093
36095,0.076,36095
36097,0.074,36097
36099,0.073,36099
36101,0.095,36101
36103,0.075,36103
36105,0.086,36105
36107,0.079,36107
36109,0.056,36109
36111,0.081,36111
36113,0.072,36113
36115,0.074,36115
36117,0.078,36117
36119,0.074,36119
36121,0.078,36121
36123,0.06,36123
37001,0.118,37001
37003,0.136,37003
37005,0.109,37005
37007,0.148,37007
37009,0.1,37009
37011,0.079,37011
37013,0.112,37013
37015,0.105,37015
37017,0.12,37017
37019,0.105,37019
37021,0.082,37021
37023,0.141,37023
37025,0.114,37025
37027,0.152,37027
37029,0.071,37029
37031,0.076,37031
37033,0.124,37033
37035,0.136,37035
37037,0.08,37037
37039,0.142,37039
37041,0.119,37041
37043,0.108,37043
37045,0.143,37045
37047,0.125,37047
37049,0.1,37049
37051,0.091,37051
37053,0.05,37053
37055,0.068,37055
37057,0.125,37057
37059,0.121,37059
37061,0.087,37061
37063,0.08,37063
37065,0.163,37065
37067,0.095,37067
37069,0.097,37069
37071,0.133,37071
37073,0.071,37073
37075,0.134,37075
37077,0.102,37077
37079,0.102,37079
37081,0.11,37081
37083,0.131,37083
37085,0.109,37085
37087,0.085,37087
37089,0.086,37089
37091,0.094,37091
37093,0.083,37093
37095,0.059,37095
37097,0.121,37097
37099,0.078,37099
37101,0.095,37101
37103,0.109,37103
37105,0.135,37105
37107,0.114,37107
37109,0.132,37109
37111,0.141,37111
37113,0.092,37113
37115,0.093,37115
37117,0.106,37117
37119,0.11,37119
37121,0.11,37121
37123,0.133,37123
37125,0.095,37125
37127,0.119,37127
37129,0.091,37129
37131,0.107,37131
37133,0.083,37133
37135,0.063,37135
37137,0.101,37137
37139,0.091,37139
37141,0.108,37141
37143,0.103,37143
37145,0.108,37145
37147,0.1,37147
37149,0.082,37149
37151,0.11,37151
37153,0.132,37153
37155,0.115,37155
37157,0.117,37157
37159,0.128,37159
37161,0.143,37161
37163,0.083,37163
37165,0.165,37165
37167,0.119,37167
37169,0.101,37169
37171,0.118,37171
37173,0.091,37173
37175,0.085,37175
37177,0.088,37177
37179,0.1,37179
37181,0.13,37181
37183,0.083,37183
37185,0.127,37185
37187,0.117,37187
37189,0.069,37189
37191,0.088,37191
37193,0.129,37193
37195,0.119,37195
37197,0.093,37197
37199,0.109,37199
38001,0.027,38001
38003,0.034,38003
38005,0.053,38005
38007,0.013,38007
38009,0.029,38009
38011,0.027,38011
38013,0.022,38013
38015,0.028,38015
38017,0.037,38017
38019,0.025,38019
38021,0.041,38021
38023,0.034,38023
38025,0.036,38025
38027,0.038,38027
38029,0.051,38029
38031,0.028,38031
38033,0.025,38033
38035,0.035,38035
38037,0.032,38037
38039,0.036,38039
38041,0.027,38041
38043,0.034,38043
38045,0.043,38045
38047,0.027,38047
38049,0.029,38049
38051,0.031,38051
38053,0.022,38053
38055,0.034,38055
38057,0.033,38057
38059,0.03,38059
38061,0.044,38061
38063,0.029,38063
38065,0.031,38065
38067,0.051,38067
38069,0.04,38069
38071,0.032,38071
38073,0.06,38073
38075,0.033,38075
38077,0.043,38077
38079,0.097,38079
38081,0.065,38081
38083,0.037,38083
38085,0.043,38085
38087,0.012,38087
38089,0.028,38089
38091,0.021,38091
38093,0.032,38093
38095,0.026,38095
38097,0.035,38097
38099,0.045,38099
38101,0.028,38101
38103,0.038,38103
38105,0.02,38105
39001,0.138,39001
39003,0.102,39003
39005,0.114,39005
39007,0.126,39007
39009,0.086,39009
39011,0.101,39011
39013,0.092,39013
39015,0.119,39015
39017,0.091,39017
39019,0.132,39019
39021,0.114,39021
39023,0.099,39023
39025,0.094,39025
39027,0.139,39027
39029,0.125,39029
39031,0.123,39031
39033,0.132,39033
39035,0.085,39035
39037,0.099,39037
39039,0.117,39039
39041,0.067,39041
39043,0.095,39043
39045,0.082,39045
39047,0.117,39047
39049,0.082,39049
39051,0.121,39051
39053,0.095,39053
39055,0.065,39055
39057,0.094,39057
39059,0.108,39059
39061,0.089,39061
39063,0.091,39063
39065,0.112,39065
39067,0.106,39067
39069,0.109,39069
39071,0.153,39071
39073,0.104,39073
39075,0.063,39075
39077,0.128,39077
39079,0.105,39079
39081,0.127,39081
39083,0.087,39083
39085,0.079,39085
39087,0.084,39087
39089,0.089,39089
39091,0.112,39091
39093,0.091,39093
39095,0.113,39095
39097,0.085,39097
39099,0.118,39099
39101,0.102,39101
39103,0.075,39103
39105,0.152,39105
39107,0.078,39107
39109,0.11,39109
39111,0.115,39111
39113,0.11,39113
39115,0.146,39115
39117,0.1,39117
39119,0.119,39119
39121,0.14,39121
39123,0.107,39123
39125,0.115,39125
39127,0.128,39127
39129,0.103,39129
39131,0.147,39131
39133,0.092,39133
39135,0.111,39135
39137,0.09,39137
39139,0.118,39139
39141,0.115,39141
39143,0.108,39143
39145,0.121,39145
39147,0.12,39147
39149,0.119,39149
39151,0.11,39151
39153,0.096,39153
39155,0.135,39155
39157,0.102,39157
39159,0.08,39159
39161,0.132,39161
39163,0.113,39163
39165,0.085,39165
39167,0.094,39167
39169,0.089,39169
39171,0.141,39171
39173,0.1,39173
39175,0.112,39175
40001,0.076,40001
40003,0.055,40003
40005,0.084,40005
40007,0.033,40007
40009,0.059,40009
40011,0.057,40011
40013,0.052,40013
40015,0.061,40015
40017,0.055,40017
40019,0.057,40019
40021,0.056,40021
40023,0.076,40023
40025,0.035,40025
40027,0.052,40027
40029,0.088,40029
40031,0.051,40031
40033,0.04,40033
40035,0.055,40035
40037,0.081,40037
40039,0.049,40039
40041,0.06,40041
40043,0.046,40043
40045,0.045,40045
40047,0.045,40047
40049,0.059,40049
40051,0.074,40051
40053,0.042,40053
40055,0.079,40055
40057,0.069,40057
40059,0.043,40059
40061,0.084,40061
40063,0.107,40063
40065,0.048,40065
40067,0.086,40067
40069,0.07,40069
40071,0.081,40071
40073,0.043,40073
40075,0.062,40075
40077,0.104,40077
40079,0.087,40079
40081,0.067,40081
40083,0.056,40083
40085,0.054,40085
40087,0.056,40087
40089,0.116,40089
40091,0.082,40091
40093,0.045,40093
40095,0.075,40095
40097,0.081,40097
40099,0.047,40099
40101,0.081,40101
40103,0.077,40103
40105,0.093,40105
40107,0.089,40107
40109,0.061,40109
40111,0.085,40111
40113,0.074,40113
40115,0.062,40115
40117,0.082,40117
40119,0.063,40119
40121,0.065,40121
40123,0.051,40123
40125,0.065,40125
40127,0.089,40127
40129,0.045,40129
40131,0.072,40131
40133,0.092,40133
40135,0.087,40135
40137,0.084,40137
40139,0.038,40139
40141,0.056,40141
40143,0.068,40143
40145,0.066,40145
40147,0.059,40147
40149,0.063,40149
40151,0.042,40151
40153,0.065,40153
41001,0.085,41001
41003,0.075,41003
41005,0.104,41005
41007,0.082,41007
41009,0.126,41009
41011,0.117,41011
41013,0.161,41013
41015,0.112,41015
41017,0.135,41017
41019,0.14,41019
41021,0.056,41021
41023,0.099,41023
41025,0.15,41025
41027,0.066,41027
41029,0.115,41029
41031,0.129,41031
41033,0.133,41033
41035,0.12,41035
41037,0.101,41037
41039,0.115,41039
41041,0.094,41041
41043,0.136,41043
41045,0.093,41045
41047,0.103,41047
41049,0.074,41049
41051,0.109,41051
41053,0.093,41053
41055,0.076,41055
41057,0.082,41057
41059,0.078,41059
41061,0.102,41061
41063,0.087,41063
41065,0.08,41065
41067,0.096,41067
41069,0.067,41069
41071,0.11,41071
42001,0.074,42001
42003,0.072,42003
42005,0.08,42005
42007,0.084,42007
42009,0.109,42009
42011,0.091,42011
42013,0.074,42013
42015,0.076,42015
42017,0.073,42017
42019,0.071,42019
42021,0.088,42021
42023,0.167,42023
42025,0.1,42025
42027,0.056,42027
42029,0.063,42029
42031,0.083,42031
42033,0.098,42033
42035,0.082,42035
42037,0.082,42037
42039,0.101,42039
42041,0.068,42041
42043,0.081,42043
42045,0.079,42045
42047,0.129,42047
42049,0.092,42049
42051,0.091,42051
42053,0.102,42053
42055,0.086,42055
42057,0.143,42057
42059,0.078,42059
42061,0.102,42061
42063,0.078,42063
42065,0.095,42065
42067,0.076,42067
42069,0.083,42069
42071,0.075,42071
42073,0.089,42073
42075,0.07,42075
42077,0.093,42077
42079,0.092,42079
42081,0.093,42081
42083,0.1,42083
42085,0.113,42085
42087,0.104,42087
42089,0.09,42089
42091,0.07,42091
42093,0.059,42093
42095,0.088,42095
42097,0.094,42097
42099,0.081,42099
42101,0.11,42101
42103,0.086,42103
42105,0.103,42105
42107,0.101,42107
42109,0.086,42109
42111,0.085,42111
42113,0.079,42113
42115,0.078,42115
42117,0.078,42117
42119,0.088,42119
42121,0.087,42121
42123,0.073,42123
42125,0.079,42125
42127,0.066,42127
42129,0.078,42129
42131,0.069,42131
42133,0.084,42133
44001,0.111,44001
44003,0.119,44003
44005,0.1,44005
44007,0.135,44007
44009,0.092,44009
45001,0.148,45001
45003,0.094,45003
45005,0.225,45005
45007,0.125,45007
45009,0.181,45009
45011,0.19,45011
45013,0.087,45013
45015,0.107,45015
45017,0.144,45017
45019,0.09,45019
45021,0.162,45021
45023,0.211,45023
45025,0.168,45025
45027,0.161,45027
45029,0.142,45029
45031,0.13,45031
45033,0.172,45033
45035,0.103,45035
45037,0.107,45037
45039,0.129,45039
45041,0.117,45041
45043,0.125,45043
45045,0.102,45045
45047,0.137,45047
45049,0.161,45049
45051,0.109,45051
45053,0.107,45053
45055,0.104,45055
45057,0.179,45057
45059,0.117,45059
45061,0.157,45061
45063,0.083,45063
45065,0.157,45065
45067,0.21,45067
45069,0.202,45069
45071,0.117,45071
45073,0.142,45073
45075,0.187,45075
45077,0.106,45077
45079,0.095,45079
45081,0.094,45081
45083,0.122,45083
45085,0.139,45085
45087,0.206,45087
45089,0.154,45089
45091,0.141,45091
46003,0.04,46003
46005,0.03,46005
46007,0.06,46007
46009,0.049,46009
46011,0.032,46011
46013,0.031,46013
46015,0.027,46015
46017,0.172,46017
46019,0.039,46019
46021,0.045,46021
46023,0.048,46023
46025,0.047,46025
46027,0.037,46027
46029,0.058,46029
46031,0.056,46031
46033,0.03,46033
46035,0.043,46035
46037,0.053,46037
46039,0.048,46039
46041,0.104,46041
46043,0.031,46043
46045,0.027,46045
46047,0.049,46047
46049,0.031,46049
46051,0.035,46051
46053,0.031,46053
46055,0.036,46055
46057,0.051,46057
46059,0.028,46059
46061,0.03,46061
46063,0.023,46063
46065,0.027,46065
46067,0.039,46067
46069,0.036,46069
46071,0.062,46071
46073,0.026,46073
46075,0.024,46075
46077,0.051,46077
46079,0.058,46079
46081,0.038,46081
46083,0.039,46083
46085,0.057,46085
46087,0.045,46087
46089,0.05,46089
46091,0.047,46091
46093,0.04,46093
46095,0.068,46095
46097,0.057,46097
46099,0.047,46099
46101,0.061,46101
46103,0.044,46103
46105,0.039,46105
46107,0.032,46107
46109,0.048,46109
46111,0.038,46111
46113,0.126,46113
46115,0.034,46115
46117,0.021,46117
46119,0.024,46119
46121,0.084,46121
46123,0.029,46123
46125,0.044,46125
46127,0.053,46127
46129,0.04,46129
46135,0.053,46135
46137,0.078,46137
47001,0.097,47001
47003,0.121,47003
47005,0.128,47005
47007,0.137,47007
47009,0.093,47009
47011,0.093,47011
47013,0.131,47013
47015,0.108,47015
47017,0.164,47017
47019,0.098,47019
47021,0.094,47021
47023,0.115,47023
47025,0.111,47025
47027,0.126,47027
47029,0.122,47029
47031,0.102,47031
47033,0.134,47033
47035,0.108,47035
47037,0.092,47037
47039,0.142,47039
47041,0.102,47041
47043,0.098,47043
47045,0.14,47045
47047,0.108,47047
47049,0.13,47049
47051,0.104,47051
47053,0.157,47053
47055,0.14,47055
47057,0.135,47057
47059,0.143,47059
47061,0.13,47061
47063,0.125,47063
47065,0.087,47065
47067,0.183,47067
47069,0.127,47069
47071,0.111,47071
47073,0.103,47073
47075,0.18,47075
47077,0.181,47077
47079,0.131,47079
47081,0.124,47081
47083,0.116,47083
47085,0.119,47085
47087,0.127,47087
47089,0.118,47089
47091,0.122,47091
47093,0.081,47093
47095,0.107,47095
47097,0.189,47097
47099,0.146,47099
47101,0.149,47101
47103,0.069,47103
47105,0.095,47105
47107,0.13,47107
47109,0.127,47109
47111,0.112,47111
47113,0.11,47113
47115,0.121,47115
47117,0.163,47117
47119,0.119,47119
47121,0.136,47121
47123,0.161,47123
47125,0.09,47125
47127,0.097,47127
47129,0.116,47129
47131,0.104,47131
47133,0.12,47133
47135,0.176,47135
47137,0.134,47137
47139,0.114,47139
47141,0.097,47141
47143,0.127,47143
47145,0.089,47145
47147,0.101,47147
47149,0.095,47149
47151,0.184,47151
47153,0.128,47153
47155,0.092,47155
47157,0.102,47157
47159,0.128,47159
47161,0.111,47161
47163,0.088,47163
47165,0.097,47165
47167,0.116,47167
47169,0.12,47169
47171,0.103,47171
47173,0.107,47173
47175,0.142,47175
47177,0.125,47177
47179,0.086,47179
47181,0.129,47181
47183,0.13,47183
47185,0.135,47185
47187,0.075,47187
47189,0.09,47189
48001,0.094,48001
48003,0.076,48003
48005,0.089,48005
48007,0.073,48007
48009,0.065,48009
48011,0.051,48011
48013,0.079,48013
48015,0.084,48015
48017,0.052,48017
48019,0.068,48019
48021,0.08,48021
48023,0.051,48023
48025,0.103,48025
48027,0.071,48027
48029,0.072,48029
48031,0.058,48031
48033,0.062,48033
48035,0.086,48035
48037,0.078,48037
48039,0.089,48039
48041,0.062,48041
48043,0.051,48043
48045,0.059,48045
48047,0.099,48047
48049,0.072,48049
48051,0.074,48051
48053,0.063,48053
48055,0.082,48055
48057,0.095,48057
48059,0.063,48059
48061,0.108,48061
48063,0.096,48063
48065,0.067,48065
48067,0.125,48067
48069,0.053,48069
48071,0.107,48071
48073,0.097,48073
48075,0.064,48075
48077,0.074,48077
48079,0.072,48079
48081,0.086,48081
48083,0.069,48083
48085,0.078,48085
48087,0.059,48087
48089,0.066,48089
48091,0.066,48091
48093,0.061,48093
48095,0.082,48095
48097,0.065,48097
48099,0.087,48099
48101,0.056,48101
48103,0.095,48103
48105,0.097,48105
48107,0.07,48107
48109,0.045,48109
48111,0.044,48111
48113,0.087,48113
48115,0.087,48115
48117,0.058,48117
48119,0.084,48119
48121,0.077,48121
48123,0.083,48123
48125,0.06,48125
48127,0.11,48127
48129,0.07,48129
48131,0.125,48131
48133,0.084,48133
48135,0.092,48135
48137,0.067,48137
48139,0.086,48139
48141,0.098,48141
48143,0.071,48143
48145,0.095,48145
48147,0.09,48147
48149,0.057,48149
48151,0.064,48151
48153,0.069,48153
48155,0.057,48155
48157,0.083,48157
48159,0.073,48159
48161,0.067,48161
48163,0.084,48163
48165,0.068,48165
48167,0.085,48167
48169,0.057,48169
48171,0.049,48171
48173,0.052,48173
48175,0.079,48175
48177,0.061,48177
48179,0.089,48179
48181,0.087,48181
48183,0.08,48183
48185,0.1,48185
48187,0.067,48187
48189,0.064,48189
48191,0.089,48191
48193,0.06,48193
48195,0.055,48195
48197,0.072,48197
48199,0.101,48199
48201,0.085,48201
48203,0.087,48203
48205,0.043,48205
48207,0.052,48207
48209,0.068,48209
48211,0.03,48211
48213,0.085,48213
48215,0.116,48215
48217,0.085,48217
48219,0.07,48219
48221,0.076,48221
48223,0.065,48223
48225,0.103,48225
48227,0.075,48227
48229,0.065,48229
48231,0.085,48231
48233,0.08,48233
48235,0.054,48235
48237,0.064,48237
48239,0.076,48239
48241,0.119,48241
48243,0.056,48243
48245,0.108,48245
48247,0.1,48247
48249,0.1,48249
48251,0.091,48251
48253,0.082,48253
48255,0.105,48255
48257,0.088,48257
48259,0.06,48259
48261,0.061,48261
48263,0.062,48263
48265,0.06,48265
48267,0.054,48267
48269,0.054,48269
48271,0.089,48271
48273,0.077,48273
48275,0.064,48275
48277,0.078,48277
48279,0.066,48279
48281,0.061,48281
48283,0.099,48283
48285,0.064,48285
48287,0.069,48287
48289,0.079,48289
48291,0.112,48291
48293,0.072,48293
48295,0.061,48295
48297,0.076,48297
48299,0.073,48299
48301,0.115,48301
48303,0.057,48303
48305,0.068,48305
48307,0.091,48307
48309,0.071,48309
48311,0.078,48311
48313,0.087,48313
48315,0.118,48315
48317,0.05,48317
48319,0.054,48319
48321,0.112,48321
48323,0.136,48323
48325,0.071,48325
48327,0.09,48327
48329,0.062,48329
48331,0.102,48331
48333,0.06,48333
48335,0.087,48335
48337,0.078,48337
48339,0.079,48339
48341,0.053,48341
48343,0.156,48343
48345,0.053,48345
48347,0.07,48347
48349,0.084,48349
48351,0.124,48351
48353,0.064,48353
48355,0.077,48355
48357,0.063,48357
48359,0.055,48359
48361,0.111,48361
48363,0.091,48363
48365,0.075,48365
48367,0.084,48367
48369,0.048,48369
48371,0.117,48371
48373,0.103,48373
48375,0.066,48375
48377,0.178,48377
48379,0.085,48379
48381,0.051,48381
48383,0.058,48383
48385,0.061,48385
48387,0.105,48387
48389,0.14,48389
48391,0.07,48391
48393,0.062,48393
48395,0.087,48395
48397,0.078,48397
48399,0.101,48399
48401,0.091,48401
48403,0.159,48403
48405,0.108,48405
48407,0.1,48407
48409,0.098,48409
48411,0.078,48411
48413,0.111,48413
48415,0.072,48415
48417,0.043,48417
48419,0.081,48419
48421,0.049,48421
48423,0.083,48423
48425,0.073,48425
48427,0.178,48427
48429,0.069,48429
48431,0.046,48431
48433,0.048,48433
48435,0.078,48435
48437,0.067,48437
48439,0.082,48439
48441,0.061,48441
48443,0.078,48443
48445,0.077,48445
48447,0.056,48447
48449,0.077,48449
48451,0.07,48451
48453,0.07,48453
48455,0.088,48455
48457,0.105,48457
48459,0.081,48459
48461,0.056,48461
48463,0.089,48463
48465,0.096,48465
48467,0.074,48467
48469,0.079,48469
48471,0.078,48471
48473,0.09,48473
48475,0.085,48475
48477,0.069,48477
48479,0.091,48479
48481,0.079,48481
48483,0.056,48483
48485,0.081,48485
48487,0.055,48487
48489,0.139,48489
48491,0.078,48491
48493,0.069,48493
48495,0.09,48495
48497,0.096,48497
48499,0.084,48499
48501,0.071,48501
48503,0.064,48503
48505,0.126,48505
48507,0.163,48507
49001,0.042,49001
49003,0.056,49003
49005,0.042,49005
49007,0.065,49007
49009,0.027,49009
49011,0.056,49011
49013,0.069,49013
49015,0.062,49015
49017,0.049,49017
49019,0.052,49019
49021,0.063,49021
49023,0.068,49023
49025,0.044,49025
49027,0.04,49027
49029,0.053,49029
49031,0.038,49031
49033,0.028,49033
49035,0.06,49035
49037,0.086,49037
49039,0.056,49039
49041,0.057,49041
49043,0.058,49043
49045,0.064,49045
49047,0.066,49047
49049,0.054,49049
49051,0.06,49051
49053,0.078,49053
49055,0.042,49055
49057,0.07,49057
50001,0.058,50001
50003,0.068,50003
50005,0.07,50005
50007,0.057,50007
50009,0.078,50009
50011,0.062,50011
50013,0.07,50013
50015,0.066,50015
50017,0.055,50017
50019,0.083,50019
50021,0.087,50021
50023,0.061,50023
50025,0.063,50025
50027,0.058,50027
51001,0.061,51001
51003,0.05,51003
51005,0.087,51005
51007,0.07,51007
51009,0.07,51009
51011,0.067,51011
51013,0.042,51013
51015,0.058,51015
51017,0.054,51017
51019,0.062,51019
51021,0.075,51021
51023,0.062,51023
51025,0.114,51025
51027,0.088,51027
51029,0.078,51029
51031,0.066,51031
51033,0.082,51033
51035,0.113,51035
51036,0.087,51036
51037,0.091,51037
51041,0.068,51041
51043,0.061,51043
51045,0.072,51045
51047,0.075,51047
51049,0.07,51049
51051,0.083,51051
51053,0.083,51053
51057,0.077,51057
51059,0.047,51059
51061,0.05,51061
51063,0.071,51063
51065,0.058,51065
51067,0.078,51067
51069,0.073,51069
51071,0.085,51071
51073,0.055,51073
51075,0.067,51075
51077,0.104,51077
51079,0.058,51079
51081,0.091,51081
51083,0.115,51083
51085,0.066,51085
51087,0.072,51087
51089,0.134,51089
51091,0.059,51091
51093,0.063,51093
51095,0.046,51095
51097,0.075,51097
51099,0.075,51099
51101,0.064,51101
51103,0.073,51103
51105,0.071,51105
51107,0.047,51107
51109,0.081,51109
51111,0.091,51111
51113,0.06,51113
51115,0.048,51115
51117,0.105,51117
51119,0.064,51119
51121,0.063,51121
51125,0.062,51125
51127,0.069,51127
51131,0.066,51131
51133,0.065,51133
51135,0.079,51135
51137,0.076,51137
51139,0.098,51139
51141,0.099,51141
51143,0.103,51143
51145,0.06,51145
51147,0.084,51147
51149,0.073,51149
51153,0.053,51153
51155,0.108,51155
51157,0.056,51157
51159,0.072,51159
51161,0.059,51161
51163,0.056,51163
51165,0.053,51165
51167,0.096,51167
51169,0.099,51169
51171,0.076,51171
51173,0.102,51173
51175,0.077,51175
51177,0.051,51177
51179,0.051,51179
51181,0.073,51181
51183,0.095,51183
51185,0.079,51185
51187,0.066,51187
51191,0.082,51191
51193,0.071,51193
51195,0.067,51195
51197,0.097,51197
51199,0.05,51199
51510,0.048,51510
51515,0.089,51515
51520,0.099,51520
51530,0.087,51530
51540,0.062,51540
51550,0.064,51550
51570,0.082,51570
51580,0.091,51580
51590,0.13,51590
51595,0.118,51595
51600,0.054,51600
51610,0.073,51610
51620,0.107,51620
51630,0.091,51630
51640,0.103,51640
51650,0.077,51650
51660,0.064,51660
51670,0.104,51670
51678,0.092,51678
51680,0.077,51680
51683,0.068,51683
51685,0.054,51685
51690,0.2,51690
51700,0.073,51700
51710,0.084,51710
51720,0.055,51720
51730,0.138,51730
51735,0.05,51735
51740,0.084,51740
51750,0.085,51750
51760,0.1,51760
51770,0.086,51770
51775,0.063,51775
51790,0.073,51790
51800,0.066,51800
51810,0.059,51810
51820,0.082,51820
51830,0.135,51830
51840,0.079,51840
53001,0.065,53001
53003,0.081,53003
53005,0.058,53005
53007,0.065,53007
53009,0.085,53009
53011,0.127,53011
53013,0.084,53013
53015,0.128,53015
53017,0.066,53017
53019,0.113,53019
53021,0.062,53021
53023,0.053,53023
53025,0.073,53025
53027,0.117,53027
53029,0.081,53029
53031,0.074,53031
53033,0.088,53033
53035,0.071,53035
53037,0.073,53037
53039,0.081,53039
53041,0.12,53041
53043,0.074,53043
53045,0.094,53045
53047,0.074,53047
53049,0.107,53049
53051,0.121,53051
53053,0.088,53053
53055,0.047,53055
53057,0.091,53057
53059,0.094,53059
53061,0.101,53061
53063,0.083,53063
53065,0.105,53065
53067,0.071,53067
53069,0.114,53069
53071,0.055,53071
53073,0.078,53073
53075,0.047,53075
53077,0.068,53077
54001,0.092,54001
54003,0.085,54003
54005,0.094,54005
54007,0.08,54007
54009,0.111,54009
54011,0.066,54011
54013,0.121,54013
54015,0.119,54015
54017,0.074,54017
54019,0.086,54019
54021,0.065,54021
54023,0.112,54023
54025,0.083,54025
54027,0.078,54027
54029,0.118,54029
54031,0.097,54031
54033,0.071,54033
54035,0.129,54035
54037,0.066,54037
54039,0.071,54039
54041,0.075,54041
54043,0.106,54043
54045,0.098,54045
54047,0.127,54047
54049,0.065,54049
54051,0.087,54051
54053,0.121,54053
54055,0.069,54055
54057,0.079,54057
54059,0.107,54059
54061,0.046,54061
54063,0.065,54063
54065,0.091,54065
54067,0.091,54067
54069,0.078,54069
54071,0.075,54071
54073,0.102,54073
54075,0.113,54075
54077,0.07,54077
54079,0.063,54079
54081,0.08,54081
54083,0.085,54083
54085,0.088,54085
54087,0.13,54087
54089,0.078,54089
54091,0.079,54091
54093,0.109,54093
54095,0.108,54095
54097,0.089,54097
54099,0.077,54099
54101,0.104,54101
54103,0.123,54103
54105,0.114,54105
54107,0.088,54107
54109,0.115,54109
55001,0.083,55001
55003,0.083,55003
55005,0.071,55005
55007,0.062,55007
55009,0.071,55009
55011,0.057,55011
55013,0.091,55013
55015,0.067,55015
55017,0.066,55017
55019,0.076,55019
55021,0.071,55021
55023,0.081,55023
55025,0.054,55025
55027,0.084,55027
55029,0.066,55029
55031,0.065,55031
55033,0.058,55033
55035,0.06,55035
55037,0.081,55037
55039,0.078,55039
55041,0.081,55041
55043,0.061,55043
55045,0.078,55045
55047,0.075,55047
55049,0.062,55049
55051,0.094,55051
55053,0.072,55053
55055,0.08,55055
55057,0.085,55057
55059,0.098,55059
55061,0.073,55061
55063,0.059,55063
55065,0.06,55065
55067,0.085,55067
55069,0.096,55069
55071,0.085,55071
55073,0.077,55073
55075,0.102,55075
55077,0.083,55077
55078,0.127,55078
55079,0.093,55079
55081,0.064,55081
55083,0.091,55083
55085,0.074,55085
55087,0.075,55087
55089,0.072,55089
55091,0.054,55091
55093,0.061,55093
55095,0.084,55095
55097,0.058,55097
55099,0.094,55099
55101,0.093,55101
55103,0.075,55103
55105,0.111,55105
55107,0.101,55107
55109,0.068,55109
55111,0.07,55111
55113,0.071,55113
55115,0.082,55115
55117,0.083,55117
55119,0.096,55119
55121,0.064,55121
55123,0.066,55123
55125,0.071,55125
55127,0.077,55127
55129,0.078,55129
55131,0.081,55131
55133,0.072,55133
55135,0.082,55135
55137,0.082,55137
55139,0.07,55139
55141,0.074,55141
56001,0.036,56001
56003,0.082,56003
56005,0.057,56005
56007,0.068,56007
56009,0.059,56009
56011,0.049,56011
56013,0.074,56013
56015,0.053,56015
56017,0.058,56017
56019,0.067,56019
56021,0.063,56021
56023,0.065,56023
56025,0.073,56025
56027,0.045,56027
56029,0.051,56029
56031,0.062,56031
56033,0.066,56033
56035,0.045,56035
56037,0.074,56037
56039,0.052,56039
56041,0.072,56041
56043,0.059,56043
56045,0.059,56045
72001,0.217,72001
72003,0.179,72003
72005,0.178,72005
72007,0.182,72007
72009,0.192,72009
72011,0.183,72011
72013,0.167,72013
72015,0.227,72015
72017,0.201,72017
72019,0.196,72019
72021,0.136,72021
72023,0.135,72023
72025,0.158,72025
72027,0.156,72027
72029,0.212,72029
72031,0.133,72031
72033,0.183,72033
72035,0.181,72035
72037,0.176,72037
72039,0.236,72039
72041,0.173,72041
72043,0.231,72043
72045,0.234,72045
72047,0.177,72047
72049,0.116,72049
72051,0.152,72051
72053,0.178,72053
72054,0.215,72054
72055,0.199,72055
72057,0.22,72057
72059,0.226,72059
72061,0.106,72061
72063,0.163,72063
72065,0.165,72065
72067,0.164,72067
72069,0.208,72069
72071,0.191,72071
72073,0.219,72073
72075,0.186,72075
72077,0.191,72077
72079,0.186,72079
72081,0.175,72081
72083,0.181,72083
72085,0.192,72085
72087,0.204,72087
72089,0.202,72089
72091,0.192,72091
72093,0.199,72093
72095,0.259,72095
72097,0.179,72097
72099,0.18,72099
72101,0.216,72101
72103,0.232,72103
72105,0.189,72105
72107,0.228,72107
72109,0.236,72109
72111,0.202,72111
72113,0.159,72113
72115,0.168,72115
72117,0.179,72117
72119,0.171,72119
72121,0.189,72121
72123,0.252,72123
72125,0.178,72125
72127,0.119,72127
72129,0.185,72129
72131,0.182,72131
72133,0.257,72133
72135,0.129,72135
72137,0.134,72137
72139,0.111,72139
72141,0.258,72141
72143,0.163,72143
72145,0.176,72145
72147,0.277,72147
72149,0.198,72149
72151,0.241,72151
72153,0.16,72153